user_search,Name,Price,Date,Location,daily,link,timestamp
airpods pro 2,green lion anc airpods pro 2 (2nd gen) earbuds pro type-c charging,21.0,15 hours ago,"Hamra, Beirut",True,https://www.dubizzle.com.lb/ads/q-airpods-pro-2//?page=1,2025-04-03 11:41:07
airpods pro 2,airpods pro 2,20.0,6 days ago,"Achrafieh, Beirut",True,https://www.dubizzle.com.lb/ads/q-airpods-pro-2//?page=1,2025-04-03 11:41:07
airpods pro 2,porodo airpods pro 2 anc black,19.0,1 week ago,"Ghazir, Keserouan",True,https://www.dubizzle.com.lb/ads/q-airpods-pro-2//?page=1,2025-04-03 11:41:07
airpods pro 2,airpods pro 2 type c copy aaa like orgenal 100%,10.0,1 week ago,"Al Beddaoui, Tripoli",True,https://www.dubizzle.com.lb/ads/q-airpods-pro-2//?page=1,2025-04-03 11:41:07
airpods pro 2,airpods pro 2nd generation,12.0,2 weeks ago,"Other in Zgharta, Zgharta",True,https://www.dubizzle.com.lb/ads/q-airpods-pro-2//?page=1,2025-04-03 11:41:07
airpods pro 2,airpods pro 2,100.0,2 weeks ago,"Achrafieh, Beirut",True,https://www.dubizzle.com.lb/ads/q-airpods-pro-2//?page=1,2025-04-03 11:41:07
airpods pro 2,airpods pro (2nd gen): next-level noise cancellation & audio,28.0,2 weeks ago,"Basta, Beirut",True,https://www.dubizzle.com.lb/ads/q-airpods-pro-2//?page=1,2025-04-03 11:41:07
airpods pro 2,airpods pro 2,150.0,3 weeks ago,"Fanar, Metn",True,https://www.dubizzle.com.lb/ads/q-airpods-pro-2//?page=1,2025-04-03 11:41:07
airpods pro 2,airpods pro 2 copy aaa,15.0,3 weeks ago,"Hadath, Baabda",True,https://www.dubizzle.com.lb/ads/q-airpods-pro-2//?page=1,2025-04-03 11:41:07
airpods pro 2,airpods pro 2 lightning,80.0,4 weeks ago,"Hamra, Beirut",True,https://www.dubizzle.com.lb/ads/q-airpods-pro-2//?page=1,2025-04-03 11:41:07
airpods pro 2,apple airpods pro 2 (lightning),70.0,4 weeks ago,"Rayfoun, Keserouan",True,https://www.dubizzle.com.lb/ads/q-airpods-pro-2//?page=1,2025-04-03 11:41:07
airpods pro 2,apple airpods pro copy a (2nd gen) with active noise cancellation,55.0,4 days ago,"Ras Beirut, Beirut",True,https://www.dubizzle.com.lb/ads/q-airpods-pro-2//?page=1,2025-04-03 11:41:07
airpods pro 2,airpods pro and airpods 2,14.0,2 weeks ago,"Achrafieh, Beirut",True,https://www.dubizzle.com.lb/ads/q-airpods-pro-2//?page=1,2025-04-03 11:41:08
airpods pro 2,airpods pro gen 2,50.0,4 weeks ago,"Saifi, Beirut",True,https://www.dubizzle.com.lb/ads/q-airpods-pro-2//?page=1,2025-04-03 11:41:08
airpods pro 2,airpods pro gen 2 with mag safe 1.1,80.0,4 weeks ago,"Achrafieh, Beirut",True,https://www.dubizzle.com.lb/ads/q-airpods-pro-2//?page=1,2025-04-03 11:41:08
hyundai elantra,hyundai elantra gt 2016,10500.0,3 days ago,"Mar Chaaya, Metn•",False,https://www.dubizzle.com.lb/ads/q-hyundai-elantra//?page=1,2025-04-03 11:20:15
hyundai elantra,hyundai elantra 2016,9500.0,3 days ago,"Achrafieh, Beirut•",False,https://www.dubizzle.com.lb/ads/q-hyundai-elantra//?page=1,2025-04-03 11:20:15
hyundai elantra,hyundai elantra 2017,10500.0,1 week ago,"Zouk Mikael, Keserouan•",False,https://www.dubizzle.com.lb/ads/q-hyundai-elantra//?page=1,2025-04-03 11:20:15
hyundai elantra,hyundai elantra sport 2018,13900.0,1 week ago,"Zalka, Metn•",False,https://www.dubizzle.com.lb/ads/q-hyundai-elantra//?page=1,2025-04-03 11:20:15
hyundai elantra,hyundai elantra sport (turbo) 2017 1.6l turbo-charged dct transmission,13000.0,1 week ago,"Ras Al Nabaa, Beirut•",False,https://www.dubizzle.com.lb/ads/q-hyundai-elantra//?page=1,2025-04-03 11:20:15
hyundai elantra,hyundai elantra 2017,10500.0,2 weeks ago,"Jbeil Town, Jbeil•",False,https://www.dubizzle.com.lb/ads/q-hyundai-elantra//?page=1,2025-04-03 11:20:15
hyundai elantra,hyundai elantra 2014 / 8800 usd,8800.0,2 weeks ago,"Zouk Mikael, Keserouan•",False,https://www.dubizzle.com.lb/ads/q-hyundai-elantra//?page=1,2025-04-03 11:20:15
hyundai elantra,hyundai elantra gt 2018,12700.0,2 weeks ago,"Bikfaya, Metn•",False,https://www.dubizzle.com.lb/ads/q-hyundai-elantra//?page=1,2025-04-03 11:20:15
hyundai elantra,hyundai elantra 2017,9700.0,2 weeks ago,"Tyre Town, Tyre•",False,https://www.dubizzle.com.lb/ads/q-hyundai-elantra//?page=1,2025-04-03 11:20:15
hyundai elantra,hyundai elantra 2018 sel,11500.0,3 weeks ago,"Other in Akkar, Akkar•",False,https://www.dubizzle.com.lb/ads/q-hyundai-elantra//?page=1,2025-04-03 11:20:15
hyundai elantra,hyundai elantra gt 2014,9200.0,3 weeks ago,"Ghazir, Keserouan•",False,https://www.dubizzle.com.lb/ads/q-hyundai-elantra//?page=1,2025-04-03 11:20:15
hyundai elantra,hyundai elantra gt 2016 f. o abs airbag hatchback like new,9600.0,3 weeks ago,"Jdaide, Metn•",False,https://www.dubizzle.com.lb/ads/q-hyundai-elantra//?page=1,2025-04-03 11:20:15
hyundai elantra,hyundai elantra 2017,11800.0,3 weeks ago,"Jdaide, Metn•",False,https://www.dubizzle.com.lb/ads/q-hyundai-elantra//?page=1,2025-04-03 11:20:15
hyundai elantra,hyundai elantra 2015 manual transmission good condition,8000.0,3 weeks ago,"Jbeil Town, Jbeil•",False,https://www.dubizzle.com.lb/ads/q-hyundai-elantra//?page=1,2025-04-03 11:20:15
hyundai elantra,hyundai elantra 2013,8000.0,3 weeks ago,"Rachaya Town, Rachaya•",False,https://www.dubizzle.com.lb/ads/q-hyundai-elantra//?page=1,2025-04-03 11:20:15
hyundai elantra,hyundai elantra gt 2015,9200.0,4 weeks ago,"Dbaye, Metn•",False,https://www.dubizzle.com.lb/ads/q-hyundai-elantra//?page=1,2025-04-03 11:20:15
iphone 15 pro,iphone 15 pro max 256gb super clean in excellent condition,1030.0,2 weeks ago,"Furn Al Chebak, Beirut",True,https://www.dubizzle.com.lb/ads/q-iphone-15-pro//?page=1,2025-04-02 07:50:13
iphone 15 pro,iphone 15 pro max 256gb,999.0,6 days ago,"Dekwaneh, Metn",True,https://www.dubizzle.com.lb/ads/q-iphone-15-pro//?page=1,2025-04-02 07:50:13
iphone 15 pro,iphone 15pro max 256g used 3 months,1100.0,6 days ago,"Hazmiyeh, Baabda",True,https://www.dubizzle.com.lb/ads/q-iphone-15-pro//?page=1,2025-04-02 07:50:13
iphone 15 pro,iphone 15promax 512gb new,1270.0,1 week ago,"Hazmiyeh, Baabda",True,https://www.dubizzle.com.lb/ads/q-iphone-15-pro//?page=1,2025-04-02 07:50:13
iphone 15 pro,iphone 15 pro max copy,70.0,10 hours ago,"Dahr el Ain, Koura",True,https://www.dubizzle.com.lb/ads/q-iphone-15-pro//?page=1,2025-04-02 07:50:13
iphone 15 pro,iphone 15 pro max 256gb brand new sealed natural color,1199.0,13 hours ago,"Furn Al Chebak, Beirut",True,https://www.dubizzle.com.lb/ads/q-iphone-15-pro//?page=1,2025-04-02 07:50:13
iphone 15 pro,iphone 15 pro max - 256 gb,1150.0,13 hours ago,"Zahle Town, Zahle",True,https://www.dubizzle.com.lb/ads/q-iphone-15-pro//?page=1,2025-04-02 07:50:13
iphone 15 pro,iphone 15 pro 512gb,999.0,14 hours ago,"Haret Hreik, Baabda",True,https://www.dubizzle.com.lb/ads/q-iphone-15-pro//?page=1,2025-04-02 07:50:13
iphone 15 pro,iphone 15 pro max,975.0,16 hours ago,"Jdaide, Metn",True,https://www.dubizzle.com.lb/ads/q-iphone-15-pro//?page=1,2025-04-02 07:50:13
iphone 15 pro,iphone 15 pro max 512gb super clean in excellent condition,1150.0,16 hours ago,"Furn Al Chebak, Beirut",True,https://www.dubizzle.com.lb/ads/q-iphone-15-pro//?page=1,2025-04-02 07:50:13
iphone 15 pro,iphone 15 pro,780.0,2 days ago,"Hadath, Baabda",True,https://www.dubizzle.com.lb/ads/q-iphone-15-pro//?page=1,2025-04-02 07:50:13
iphone 15 pro,iphone 15 pro,925.0,2 days ago,"Borj el Barajneh, Beirut",True,https://www.dubizzle.com.lb/ads/q-iphone-15-pro//?page=1,2025-04-02 07:50:13
iphone 15 pro,cover for iphone 15 pro,5.0,2 days ago,"Harat Saida, Saida",True,https://www.dubizzle.com.lb/ads/q-iphone-15-pro//?page=1,2025-04-02 07:50:13
iphone 15 pro,cover iphone 15 pro,2.0,2 days ago,"Harat Saida, Saida",True,https://www.dubizzle.com.lb/ads/q-iphone-15-pro//?page=1,2025-04-02 07:50:13
iphone 15 pro,iphone 15 pro max 512gb,1075.0,3 days ago,"Baouchriye, Metn",True,https://www.dubizzle.com.lb/ads/q-iphone-15-pro//?page=1,2025-04-02 07:50:13
iphone 15 pro,iphone 15 pro 256gb with box everything original battery 88 percent,840.0,5 days ago,"Khaldeh, Aley",True,https://www.dubizzle.com.lb/ads/q-iphone-15-pro//?page=1,2025-04-02 07:50:13
iphone 15 pro,iphone 15 pro khare2 nadafe,930.0,5 days ago,"Abdul Latif El Bissar, Tripoli",True,https://www.dubizzle.com.lb/ads/q-iphone-15-pro//?page=1,2025-04-02 07:50:13
iphone 15 pro,iphone 15 pro max 256gb natural titanium perfect condition,1075.0,5 days ago,"Aaramoun, Aley",True,https://www.dubizzle.com.lb/ads/q-iphone-15-pro//?page=1,2025-04-02 07:50:13
iphone 15 pro,iphone 15 pro max,1030.0,5 days ago,"Haret Hreik, Baabda",True,https://www.dubizzle.com.lb/ads/q-iphone-15-pro//?page=1,2025-04-02 07:50:13
iphone 15 pro,iphone 15 pro max 256 gb,999.0,6 days ago,"Aabra, Saida",True,https://www.dubizzle.com.lb/ads/q-iphone-15-pro//?page=1,2025-04-02 07:50:13
iphone 15 pro,iphone 15 pro 256gb / zero scratch,930.0,6 days ago,"Al Bahsas, Tripoli",True,https://www.dubizzle.com.lb/ads/q-iphone-15-pro//?page=1,2025-04-02 07:50:13
iphone 15 pro,silicone case magsafe iphone 15 pro max light pink exclusive & new off,30.0,6 days ago,"Mar Elias, Beirut",True,https://www.dubizzle.com.lb/ads/q-iphone-15-pro//?page=1,2025-04-02 07:50:13
iphone 15 pro,silicone case magsafe iphone 15 pro max light pink,30.0,6 days ago,"Mar Elias, Beirut",True,https://www.dubizzle.com.lb/ads/q-iphone-15-pro//?page=1,2025-04-02 07:50:13
iphone 15 pro,silicone case magsafe iphone 15 pro light pink great & last offer,30.0,6 days ago,"Mar Elias, Beirut",True,https://www.dubizzle.com.lb/ads/q-iphone-15-pro//?page=1,2025-04-02 07:50:13
iphone 15 pro,silicone case magsafe iphone 15 pro light pink,30.0,6 days ago,"Mar Elias, Beirut",True,https://www.dubizzle.com.lb/ads/q-iphone-15-pro//?page=1,2025-04-02 07:50:13
iphone 15 pro,clear case magsafe iphone 15 pro exclusive & new offer,40.0,6 days ago,"Mar Elias, Beirut",True,https://www.dubizzle.com.lb/ads/q-iphone-15-pro//?page=1,2025-04-02 07:50:13
iphone 15 pro,clear case magsafe iphone 15 pro,40.0,6 days ago,"Mar Elias, Beirut",True,https://www.dubizzle.com.lb/ads/q-iphone-15-pro//?page=1,2025-04-02 07:50:13
iphone 15 pro,clear case magsafe iphone 15 pro max great & last offer,40.0,6 days ago,"Mar Elias, Beirut",True,https://www.dubizzle.com.lb/ads/q-iphone-15-pro//?page=1,2025-04-02 07:50:13
iphone 15 pro,clear case magsafe iphone 15 pro max,40.0,6 days ago,"Mar Elias, Beirut",True,https://www.dubizzle.com.lb/ads/q-iphone-15-pro//?page=1,2025-04-02 07:50:13
iphone 15 pro,silicone case magsafe iphone 15 pro winter blue,30.0,6 days ago,"Mar Elias, Beirut",True,https://www.dubizzle.com.lb/ads/q-iphone-15-pro//?page=1,2025-04-02 07:50:13
iphone 15 pro,silicone case magsafe iphone 15 pro black original & best offer,40.0,6 days ago,"Mar Elias, Beirut",True,https://www.dubizzle.com.lb/ads/q-iphone-15-pro//?page=1,2025-04-02 07:50:13
iphone 15 pro,silicone case magsafe iphone 15 pro black,40.0,6 days ago,"Mar Elias, Beirut",True,https://www.dubizzle.com.lb/ads/q-iphone-15-pro//?page=1,2025-04-02 07:50:13
iphone 15 pro,iphone 15 pro max 256gb,999.0,6 days ago,"Dekwaneh, Metn",True,https://www.dubizzle.com.lb/ads/q-iphone-15-pro//?page=1,2025-04-02 07:50:13
iphone 15 pro,silicone case magsafe iphone 15 pro clay amazing & good offer,40.0,6 days ago,"Mar Elias, Beirut",True,https://www.dubizzle.com.lb/ads/q-iphone-15-pro//?page=1,2025-04-02 07:50:13
iphone 15 pro,silicone case magsafe iphone 15 pro clay,40.0,6 days ago,"Mar Elias, Beirut",True,https://www.dubizzle.com.lb/ads/q-iphone-15-pro//?page=1,2025-04-02 07:50:13
iphone 15 pro,silicone case magsafe iphone 15 pro winter blue exclusive & new offer,30.0,6 days ago,"Mar Elias, Beirut",True,https://www.dubizzle.com.lb/ads/q-iphone-15-pro//?page=1,2025-04-02 07:50:13
iphone 15 pro,silicone case magsafe iphone 15 pro winter blue,30.0,6 days ago,"Mar Elias, Beirut",True,https://www.dubizzle.com.lb/ads/q-iphone-15-pro//?page=1,2025-04-02 07:50:13
iphone 15 pro,iphone 15 pro 256 gb,850.0,6 days ago,"Zouk Mikael, Keserouan",True,https://www.dubizzle.com.lb/ads/q-iphone-15-pro//?page=1,2025-04-02 07:50:13
iphone 15 pro,silicone case magsafe iphone 15 pro black great & last offer,40.0,6 days ago,"Mar Elias, Beirut",True,https://www.dubizzle.com.lb/ads/q-iphone-15-pro//?page=1,2025-04-02 07:50:13
iphone 15 pro,silicone case magsafe iphone 15 pro black,40.0,6 days ago,"Mar Elias, Beirut",True,https://www.dubizzle.com.lb/ads/q-iphone-15-pro//?page=1,2025-04-02 07:50:13
iphone 15 pro,finewoven case magsafe iphone 15 pro taupe,30.0,6 days ago,"Mar Elias, Beirut",True,https://www.dubizzle.com.lb/ads/q-iphone-15-pro//?page=1,2025-04-02 07:50:13
iphone 15 pro,finewoven case magsafe iphone 15 pro taupe amazing & good offer,30.0,6 days ago,"Mar Elias, Beirut",True,https://www.dubizzle.com.lb/ads/q-iphone-15-pro//?page=1,2025-04-02 07:50:13
iphone 15 pro,finewoven case magsafe iphone 15 pro taupe,30.0,6 days ago,"Mar Elias, Beirut",True,https://www.dubizzle.com.lb/ads/q-iphone-15-pro//?page=1,2025-04-02 07:50:13
iphone 15 pro,finewoven case magsafe iphone 15 pro mulberry exclusive & new offer,30.0,6 days ago,"Mar Elias, Beirut",True,https://www.dubizzle.com.lb/ads/q-iphone-15-pro//?page=1,2025-04-02 07:50:13
iphone 15 pro,finewoven case magsafe iphone 15 pro mulberry,30.0,6 days ago,"Mar Elias, Beirut",True,https://www.dubizzle.com.lb/ads/q-iphone-15-pro//?page=1,2025-04-02 07:50:13
iphone 15 pro,silicone case magsafe iphone 15 pro cypress great & last offer,30.0,6 days ago,"Mar Elias, Beirut•",True,https://www.dubizzle.com.lb/ads/q-iphone-15-pro//?page=2,2025-04-02 07:50:34
iphone 15 pro,silicone case magsafe iphone 15 pro orange original & best offer,30.0,6 days ago,"Mar Elias, Beirut•",True,https://www.dubizzle.com.lb/ads/q-iphone-15-pro//?page=2,2025-04-02 07:50:34
iphone 15 pro,silicone case magsafe iphone 15 pro orange,30.0,6 days ago,"Mar Elias, Beirut•",True,https://www.dubizzle.com.lb/ads/q-iphone-15-pro//?page=2,2025-04-02 07:50:34
iphone 15 pro,finewoven case magsafe iphone 15 pro max mulberry amazing & good offer,30.0,6 days ago,"Mar Elias, Beirut•",True,https://www.dubizzle.com.lb/ads/q-iphone-15-pro//?page=2,2025-04-02 07:50:34
iphone 15 pro,finewoven case magsafe iphone 15 pro max mulberry,30.0,6 days ago,"Mar Elias, Beirut•",True,https://www.dubizzle.com.lb/ads/q-iphone-15-pro//?page=2,2025-04-02 07:50:34
iphone 15 pro,iphone 15 pro max,1050.0,6 days ago,"Haret Hreik, Baabda•",True,https://www.dubizzle.com.lb/ads/q-iphone-15-pro//?page=2,2025-04-02 07:50:34
iphone 15 pro,iphone 15pro max 256g used 3 months,1100.0,6 days ago,"Hazmiyeh, Baabda•",True,https://www.dubizzle.com.lb/ads/q-iphone-15-pro//?page=2,2025-04-02 07:50:34
iphone 15 pro,iphone 15 pro max 256 gb dual sim like new,1150.0,6 days ago,"Ain El Remmaneh, Beirut•",True,https://www.dubizzle.com.lb/ads/q-iphone-15-pro//?page=2,2025-04-02 07:50:34
iphone 15 pro,iphone 15 pro max,1080.0,1 week ago,"Burj Abi Haidar, Beirut•",True,https://www.dubizzle.com.lb/ads/q-iphone-15-pro//?page=2,2025-04-02 07:50:34
iphone 15 pro,iphone 15 pro,900.0,1 week ago,"Aamchit, Jbeil•",True,https://www.dubizzle.com.lb/ads/q-iphone-15-pro//?page=2,2025-04-02 07:50:34
iphone 15 pro,iphone 15 pro 256gb,930.0,1 week ago,"Tyre Town, Tyre•",True,https://www.dubizzle.com.lb/ads/q-iphone-15-pro//?page=2,2025-04-02 07:50:34
iphone 15 pro,iphone 15 pro max copy a,120.0,1 week ago,"Tyre Town, Tyre•",True,https://www.dubizzle.com.lb/ads/q-iphone-15-pro//?page=2,2025-04-02 07:50:34
iphone 15 pro,iphone 15 pro 256gb - 2sim - natural,930.0,1 week ago,"Haret Hreik, Baabda•",True,https://www.dubizzle.com.lb/ads/q-iphone-15-pro//?page=2,2025-04-02 07:50:34
iphone 15 pro,iphone 15 pro max 1 sim+ esim natural,840.0,1 week ago,"Beirut Port, Beirut•",True,https://www.dubizzle.com.lb/ads/q-iphone-15-pro//?page=2,2025-04-02 07:50:34
iphone 15 pro,iphone 15 pro max 256 navy blue titanium color,1050.0,1 week ago,"Saydeh, Beirut•",True,https://www.dubizzle.com.lb/ads/q-iphone-15-pro//?page=2,2025-04-02 07:50:34
iphone 15 pro,iphone xs max ( iphone 15 pro max),220.0,1 week ago,"Ras Beirut, Beirut•",True,https://www.dubizzle.com.lb/ads/q-iphone-15-pro//?page=2,2025-04-02 07:50:34
iphone 15 pro,iphone 15 pro,900.0,1 week ago,"Ain El Remmaneh, Beirut•",True,https://www.dubizzle.com.lb/ads/q-iphone-15-pro//?page=2,2025-04-02 07:50:34
iphone 15 pro,iphone 15 pro max 256g,970.0,2 weeks ago,"Zalka, Metn•",True,https://www.dubizzle.com.lb/ads/q-iphone-15-pro//?page=2,2025-04-02 07:50:34
iphone 15 pro,iphone 15 pro max 256gb,1100.0,2 weeks ago,"Verdun, Beirut•",True,https://www.dubizzle.com.lb/ads/q-iphone-15-pro//?page=2,2025-04-02 07:50:34
iphone 15 pro,iphone 15 pro max 256g,980.0,2 weeks ago,"New Rawda, Metn•",True,https://www.dubizzle.com.lb/ads/q-iphone-15-pro//?page=2,2025-04-02 07:50:34
iphone 15 pro,whatsapp 03917466 iphone 15 pro max new,1050.0,2 weeks ago,"Barbir, Beirut•",True,https://www.dubizzle.com.lb/ads/q-iphone-15-pro//?page=2,2025-04-02 07:50:34
iphone 15 pro,iphone 15 pro max,990.0,2 weeks ago,"Chiyah, Beirut•",True,https://www.dubizzle.com.lb/ads/q-iphone-15-pro//?page=2,2025-04-02 07:50:34
iphone 15 pro,iphone 15 pro max 256gb,1150.0,2 weeks ago,"Ain El Remmaneh, Baabda•",True,https://www.dubizzle.com.lb/ads/q-iphone-15-pro//?page=2,2025-04-02 07:50:34
iphone 15 pro,iphone 15 pro max,1040.0,2 weeks ago,"Hadath, Baabda•",True,https://www.dubizzle.com.lb/ads/q-iphone-15-pro//?page=2,2025-04-02 07:50:34
iphone 15 pro,iphone 15 pro max,1150.0,2 weeks ago,"Adonis, Keserouan•",True,https://www.dubizzle.com.lb/ads/q-iphone-15-pro//?page=2,2025-04-02 07:50:34
iphone 15 pro,iphone 15 pro max 256gb super clean in excellent condition,1030.0,2 weeks ago,"Furn Al Chebak, Beirut•",True,https://www.dubizzle.com.lb/ads/q-iphone-15-pro//?page=2,2025-04-02 07:50:34
iphone 15 pro,iphone 15 pro,710.0,2 weeks ago,"Naameh, Chouf•",True,https://www.dubizzle.com.lb/ads/q-iphone-15-pro//?page=2,2025-04-02 07:50:34
iphone 15 pro,iphone 15 pro max 256gb 2 sim natural,980.0,2 weeks ago,"Ghobeiry, Beirut•",True,https://www.dubizzle.com.lb/ads/q-iphone-15-pro//?page=2,2025-04-02 07:50:34
iphone 15 pro,used iphone 15 pro 256gb,1050.0,2 weeks ago,"Other in Saida, Saida•",True,https://www.dubizzle.com.lb/ads/q-iphone-15-pro//?page=2,2025-04-02 07:50:34
iphone 15 pro,iphone 15 pro 256gb natural,870.0,2 weeks ago,"Mar Elias, Beirut•",True,https://www.dubizzle.com.lb/ads/q-iphone-15-pro//?page=2,2025-04-02 07:50:34
iphone 15 pro,iphone 15 pro 256gb battery 94% like new مش مفكوك,950.0,3 weeks ago,"Furn Al Chebak, Beirut•",True,https://www.dubizzle.com.lb/ads/q-iphone-15-pro//?page=2,2025-04-02 07:50:34
iphone 15 pro,iphone 15 pro max 256gb limited warranty available,1100.0,3 weeks ago,"Borj el Barajneh, Beirut•",True,https://www.dubizzle.com.lb/ads/q-iphone-15-pro//?page=2,2025-04-02 07:50:34
iphone 15 pro,iphone 15pro 256,950.0,3 weeks ago,"Nabatieh Town, Nabatieh•",True,https://www.dubizzle.com.lb/ads/q-iphone-15-pro//?page=2,2025-04-02 07:50:34
iphone 15 pro,apple iphone 15 pro max,800.0,3 weeks ago,"Mar Elias, Beirut•",True,https://www.dubizzle.com.lb/ads/q-iphone-15-pro//?page=2,2025-04-02 07:50:34
iphone 15 pro,iphone 15 pro max,1050.0,3 weeks ago,"Haret Hreik, Baabda•",True,https://www.dubizzle.com.lb/ads/q-iphone-15-pro//?page=2,2025-04-02 07:50:34
iphone 15 pro,iphone 15 pro max open box,1180.0,3 weeks ago,"Choueifat, Aley•",True,https://www.dubizzle.com.lb/ads/q-iphone-15-pro//?page=2,2025-04-02 07:50:34
iphone 15 pro,iphone 15 pro 256gb used,950.0,3 weeks ago,"Hazmiyeh, Baabda•",True,https://www.dubizzle.com.lb/ads/q-iphone-15-pro//?page=2,2025-04-02 07:50:34
iphone 15 pro,iphone 15 pro max 256 gb battery 96% with box,1150.0,3 weeks ago,"Ain El Remmaneh, Beirut•",True,https://www.dubizzle.com.lb/ads/q-iphone-15-pro//?page=2,2025-04-02 07:50:34
iphone 15 pro,iphone 15 pro 128 gb,860.0,4 weeks ago,"Zoukak al Blat, Beirut•",True,https://www.dubizzle.com.lb/ads/q-iphone-15-pro//?page=2,2025-04-02 07:50:34
iphone 15 pro,iphone 15 pro max,1100.0,4 weeks ago,"Chiyah, Beirut•",True,https://www.dubizzle.com.lb/ads/q-iphone-15-pro//?page=2,2025-04-02 07:50:34
iphone 15 pro,iphone 15 pro 128gb esim like new 89% battery,700.0,4 weeks ago,"Aabra, Saida•",True,https://www.dubizzle.com.lb/ads/q-iphone-15-pro//?page=2,2025-04-02 07:50:34
iphone 15 pro,iphone 15 pro max,1100.0,4 weeks ago,"Badaro, Beirut•",True,https://www.dubizzle.com.lb/ads/q-iphone-15-pro//?page=2,2025-04-02 07:50:34
iphone 15 pro,iphone 15 pro max,1100.0,4 weeks ago,"Badaro, Beirut•",True,https://www.dubizzle.com.lb/ads/q-iphone-15-pro//?page=2,2025-04-02 07:50:34
iphone 15 pro,iphone 15 pro (256 gb) black titanium,1100.0,4 weeks ago,"Hamra, Beirut•",True,https://www.dubizzle.com.lb/ads/q-iphone-15-pro//?page=2,2025-04-02 07:50:34
iphone 15 pro,iphone 15 pro max,1070.0,4 weeks ago,"Tyre Town, Tyre•",True,https://www.dubizzle.com.lb/ads/q-iphone-15-pro//?page=2,2025-04-02 07:50:34
iphone 15 pro,iphone 15 promax,1130.0,2 days ago,"Mar Elias, Beirut",True,https://www.dubizzle.com.lb/ads/q-iphone-15-pro//?page=3,2025-04-02 07:50:52
iphone 15 pro,iphone 15promax 512gb new,1270.0,1 week ago,"Hazmiyeh, Baabda",True,https://www.dubizzle.com.lb/ads/q-iphone-15-pro//?page=3,2025-04-02 07:50:52
iphone x,iphone x,90.0,2 days ago,"Jnah, Beirut",True,https://www.dubizzle.com.lb/ads/q-iphone-x//?page=1,2025-04-03 11:01:49
iphone x,iphone x 256g,90.0,2 days ago,"msayleh, Saida",True,https://www.dubizzle.com.lb/ads/q-iphone-x//?page=1,2025-04-03 11:01:49
iphone x,iphone x 120$,120.0,4 days ago,"Barbour, Beirut",True,https://www.dubizzle.com.lb/ads/q-iphone-x//?page=1,2025-04-03 11:01:49
iphone x,transparent cover for iphone x/xs.,5.0,4 days ago,"Ras Beirut, Beirut",True,https://www.dubizzle.com.lb/ads/q-iphone-x//?page=1,2025-04-03 11:01:49
iphone x,iphone x 64 gb,90.0,4 days ago,"Hadath, Baabda",True,https://www.dubizzle.com.lb/ads/q-iphone-x//?page=1,2025-04-03 11:01:49
iphone x,iphone x 64gb,100.0,1 week ago,"Baalbeck Town, Baalbeck",True,https://www.dubizzle.com.lb/ads/q-iphone-x//?page=1,2025-04-03 11:01:49
iphone x,iphone x,150.0,1 week ago,"Jdaide, Metn",True,https://www.dubizzle.com.lb/ads/q-iphone-x//?page=1,2025-04-03 11:01:49
iphone x,iphone x 256 gb battery 100,145.0,1 week ago,"Qoub Elias, Zahle",True,https://www.dubizzle.com.lb/ads/q-iphone-x//?page=1,2025-04-03 11:01:49
iphone x,iphone x,100.0,2 weeks ago,"Antelias, Metn",True,https://www.dubizzle.com.lb/ads/q-iphone-x//?page=1,2025-04-03 11:01:49
iphone x,iphone x housing,25.0,2 weeks ago,"Tariq el Jdideh, Beirut",True,https://www.dubizzle.com.lb/ads/q-iphone-x//?page=1,2025-04-03 11:01:49
iphone x,iphone x loud speakers,10.0,2 weeks ago,"Tariq el Jdideh, Beirut",True,https://www.dubizzle.com.lb/ads/q-iphone-x//?page=1,2025-04-03 11:01:49
iphone x,iphone x selfie camera,14.0,2 weeks ago,"Tariq el Jdideh, Beirut",True,https://www.dubizzle.com.lb/ads/q-iphone-x//?page=1,2025-04-03 11:01:49
iphone x,iphone x64 gega,150.0,2 weeks ago,"Dam wa Farz, Tripoli",True,https://www.dubizzle.com.lb/ads/q-iphone-x//?page=1,2025-04-03 11:01:49
iphone x,used iphone x 64 gb  battery changed used like new,175.0,2 weeks ago,"Mar Elias, Beirut",True,https://www.dubizzle.com.lb/ads/q-iphone-x//?page=1,2025-04-03 11:01:49
iphone x,used iphone x 64 gb  battery changed,175.0,2 weeks ago,"Mar Elias, Beirut",True,https://www.dubizzle.com.lb/ads/q-iphone-x//?page=1,2025-04-03 11:01:49
iphone x,iphone x,160.0,2 weeks ago,"Champville, Metn",True,https://www.dubizzle.com.lb/ads/q-iphone-x//?page=1,2025-04-03 11:01:49
iphone x,iphone x,130.0,2 weeks ago,"Aabra, Saida",True,https://www.dubizzle.com.lb/ads/q-iphone-x//?page=1,2025-04-03 11:01:49
iphone x,iphone x or xs cover,9.0,3 weeks ago,"Aabeidat, Jbeil",True,https://www.dubizzle.com.lb/ads/q-iphone-x//?page=1,2025-04-03 11:01:49
iphone x,iphone x,120.0,3 weeks ago,"Zahle Town, Zahle",True,https://www.dubizzle.com.lb/ads/q-iphone-x//?page=1,2025-04-03 11:01:49
iphone x,iphone x,110.0,3 weeks ago,"Other in Zahle, Zahle",True,https://www.dubizzle.com.lb/ads/q-iphone-x//?page=1,2025-04-03 11:01:49
iphone x,iphone x,100.0,3 weeks ago,"Baalbeck Town, Baalbeck",True,https://www.dubizzle.com.lb/ads/q-iphone-x//?page=1,2025-04-03 11:01:49
iphone x,iphone x,80.0,3 weeks ago,"Borj el Barajneh, Beirut",True,https://www.dubizzle.com.lb/ads/q-iphone-x//?page=1,2025-04-03 11:01:49
iphone x,iphone x,120.0,3 weeks ago,"Zahle Town, Zahle",True,https://www.dubizzle.com.lb/ads/q-iphone-x//?page=1,2025-04-03 11:01:49
iphone x,iphone x,150.0,4 weeks ago,"Other in Tyre, Tyre",True,https://www.dubizzle.com.lb/ads/q-iphone-x//?page=1,2025-04-03 11:01:49
iphone x,iphone x 120$,120.0,4 weeks ago,"Chiyah, Beirut",True,https://www.dubizzle.com.lb/ads/q-iphone-x//?page=1,2025-04-03 11:01:49
iphone x,iphone x 256 gb,180.0,4 weeks ago,"Fourzol, Zahle",True,https://www.dubizzle.com.lb/ads/q-iphone-x//?page=1,2025-04-03 11:01:49
ps5,available ps4/ps5/nintendo-switch/xbox starting 150$,150.0,3 days ago,"Dekwaneh, Metn",True,https://www.dubizzle.com.lb/ads/q-ps5//?page=1,2025-04-02 09:17:09
ps5,vertical ps5 stand with cooling fan & dual controller charger station,21.0,2 weeks ago,"Hamra, Beirut",True,https://www.dubizzle.com.lb/ads/q-ps5//?page=1,2025-04-02 09:17:09
ps5,ups 2000va - 1200w uninterruptible power supply ups - for ps5 & screen,89.0,21 hours ago,"Hamra, Beirut",True,https://www.dubizzle.com.lb/ads/q-ps5//?page=1,2025-04-02 09:17:09
ps5,logitech g923 on ps5-ps4-pc-ps3 (new sealed),300.0,4 days ago,"Achrafieh, Beirut",True,https://www.dubizzle.com.lb/ads/q-ps5//?page=1,2025-04-02 09:17:09
ps5,fc24 ps5 ps4 xbox series x xbox one nintendo switch(new sealed),40.0,4 days ago,"Achrafieh, Beirut",True,https://www.dubizzle.com.lb/ads/q-ps5//?page=1,2025-04-02 09:17:09
ps5,logitech g29 gaming steering wheel ps4 - ps5 - pc,260.0,2 weeks ago,"Naccache, Metn",True,https://www.dubizzle.com.lb/ads/q-ps5//?page=1,2025-04-02 09:17:09
ps5,all accessories for ps4 and ps5 cd controller,20.0,8 hours ago,"Mkalles, Metn",True,https://www.dubizzle.com.lb/ads/q-ps5//?page=1,2025-04-02 09:17:09
ps5,ps5 portable playstation,235.0,10 hours ago,"Ain Al Tineh, Beirut",True,https://www.dubizzle.com.lb/ads/q-ps5//?page=1,2025-04-02 09:17:09
ps5,sony ps5 control,66.0,10 hours ago,"Batroun Town, Batroun",True,https://www.dubizzle.com.lb/ads/q-ps5//?page=1,2025-04-02 09:17:09
ps5,ps4 /ps5 super clean with warranty,150.0,12 hours ago,"New Rawda, Metn",True,https://www.dubizzle.com.lb/ads/q-ps5//?page=1,2025-04-02 09:17:09
ps5,ps4 / ps5  starting 200$with warranty,200.0,12 hours ago,"Dekwaneh, Metn",True,https://www.dubizzle.com.lb/ads/q-ps5//?page=1,2025-04-02 09:17:09
ps5,wwe 2k25 ps4 and ps5 40$,40.0,12 hours ago,"Hadath, Baabda",True,https://www.dubizzle.com.lb/ads/q-ps5//?page=1,2025-04-02 09:17:09
ps5,available ps4/ps5 /nintendo switch starting 150$with warranty,150.0,13 hours ago,"Baouchriye, Metn",True,https://www.dubizzle.com.lb/ads/q-ps5//?page=1,2025-04-02 09:17:09
ps5,ps4/ps5 used like new with warranty starting 150$,150.0,13 hours ago,"Baouchriye, Metn",True,https://www.dubizzle.com.lb/ads/q-ps5//?page=1,2025-04-02 09:17:09
ps5,ps5 edge joystick,200.0,15 hours ago,"Ain El Remmaneh, Baabda",True,https://www.dubizzle.com.lb/ads/q-ps5//?page=1,2025-04-02 09:17:09
ps5,cds ps4 ps5 starting 10$,10.0,16 hours ago,"Dekwaneh, Metn",True,https://www.dubizzle.com.lb/ads/q-ps5//?page=1,2025-04-02 09:17:09
ps5,sony ps5 bag carrying travel case,19.0,16 hours ago,"Achrafieh, Beirut",True,https://www.dubizzle.com.lb/ads/q-ps5//?page=1,2025-04-02 09:17:09
ps5,ps4 ps5 large new game collection ask about price,1.0,16 hours ago,"Achrafieh, Beirut",True,https://www.dubizzle.com.lb/ads/q-ps5//?page=1,2025-04-02 09:17:09
ps5,ps5 slim europe + controller,410.0,17 hours ago,"Jamhour, Baabda",True,https://www.dubizzle.com.lb/ads/q-ps5//?page=1,2025-04-02 09:17:09
ps5,split fiction ps5 (new sealed),50.0,20 hours ago,"Achrafieh, Beirut",True,https://www.dubizzle.com.lb/ads/q-ps5//?page=1,2025-04-02 09:17:09
ps5,ps4/ps5/nintedo-switch/xbox starting 150$,150.0,20 hours ago,"New Rawda, Metn",True,https://www.dubizzle.com.lb/ads/q-ps5//?page=1,2025-04-02 09:17:09
ps5,يوجد تبديل ps4 على ps5,150.0,20 hours ago,"New Rawda, Metn",True,https://www.dubizzle.com.lb/ads/q-ps5//?page=1,2025-04-02 09:17:09
ps5,ps4 & ps5 bags,10.0,20 hours ago,"Furn Al Chebak, Beirut",True,https://www.dubizzle.com.lb/ads/q-ps5//?page=1,2025-04-02 09:17:09
ps5,ups 2000va - 1200w uninterruptible power supply ups - for ps5 & screen,89.0,21 hours ago,"Hamra, Beirut",True,https://www.dubizzle.com.lb/ads/q-ps5//?page=1,2025-04-02 09:17:09
ps5,ps5 copy  controller,35.0,23 hours ago,"Barbir, Beirut",True,https://www.dubizzle.com.lb/ads/q-ps5//?page=1,2025-04-02 09:17:09
ps5,ps5 controller with warranty,50.0,1 day ago,"Sin El Fil, Metn",True,https://www.dubizzle.com.lb/ads/q-ps5//?page=1,2025-04-02 09:17:09
ps5,ps5 disc edition,420.0,2 days ago,"Sin El Fil, Metn",True,https://www.dubizzle.com.lb/ads/q-ps5//?page=1,2025-04-02 09:17:09
ps5,ps4 / ps5 spare parts,5.0,2 days ago,"Ras Al Nabaa, Beirut",True,https://www.dubizzle.com.lb/ads/q-ps5//?page=1,2025-04-02 09:17:09
ps5,ps5 new and used games (wholesale price)for sale or trade,8.0,2 days ago,"Deir Al Zahrani, Nabatieh",True,https://www.dubizzle.com.lb/ads/q-ps5//?page=1,2025-04-02 09:17:09
ps5,ps4 /ps5/nintedo switch /xbox starting 150,150.0,3 days ago,"New Rawda, Metn•",True,https://www.dubizzle.com.lb/ads/q-ps5//?page=2,2025-04-02 09:17:29
ps5,logitech g923 on ps5-ps4-pc-ps3 (new sealed),300.0,4 days ago,"Achrafieh, Beirut•",True,https://www.dubizzle.com.lb/ads/q-ps5//?page=2,2025-04-02 09:17:29
ps5,fc24 ps5 ps4 xbox series x xbox one nintendo switch(new sealed),40.0,4 days ago,"Achrafieh, Beirut•",True,https://www.dubizzle.com.lb/ads/q-ps5//?page=2,2025-04-02 09:17:29
ps5,ps5 games biggest collection !,20.0,2 weeks ago,"Hadath, Baabda•",True,https://www.dubizzle.com.lb/ads/q-ps5//?page=2,2025-04-02 09:17:29
ps5,ps4 and ps5 games or console or accessories,20.0,2 weeks ago,"Hadath, Baabda•",True,https://www.dubizzle.com.lb/ads/q-ps5//?page=2,2025-04-02 09:17:29
ps5,hogwarts legacy ps5,22.0,2 days ago,"Abdul Latif El Bissar, Tripoli•",True,https://www.dubizzle.com.lb/ads/q-ps5//?page=2,2025-04-02 09:17:29
ps5,headfone for mobile phone & ps4 ps5 laptop,25.0,2 days ago,"Safra, Keserouan•",True,https://www.dubizzle.com.lb/ads/q-ps5//?page=2,2025-04-02 09:17:29
ps5,ps5 controller cover (fortnite edition),7.0,2 days ago,"Al Mina, Tripoli•",True,https://www.dubizzle.com.lb/ads/q-ps5//?page=2,2025-04-02 09:17:29
ps5,ps5 controllers,55.0,2 days ago,"Naameh, Chouf•",True,https://www.dubizzle.com.lb/ads/q-ps5//?page=2,2025-04-02 09:17:29
ps5,last of us 2 ps5,25.0,3 days ago,"Mar Elias, Beirut•",True,https://www.dubizzle.com.lb/ads/q-ps5//?page=2,2025-04-02 09:17:29
ps5,ps4 /ps5/nintedo switch /xbox starting 150,150.0,3 days ago,"New Rawda, Metn•",True,https://www.dubizzle.com.lb/ads/q-ps5//?page=2,2025-04-02 09:17:29
ps5,available ps4/ps5/nintendo-switch/xbox starting 150$,150.0,3 days ago,"Dekwaneh, Metn•",True,https://www.dubizzle.com.lb/ads/q-ps5//?page=2,2025-04-02 09:17:29
ps5,ps5 controller charging dock,15.0,3 days ago,"Badaro, Beirut•",True,https://www.dubizzle.com.lb/ads/q-ps5//?page=2,2025-04-02 09:17:29
ps5,ps5 mint condition,390.0,3 days ago,"Ksara, Zahle•",True,https://www.dubizzle.com.lb/ads/q-ps5//?page=2,2025-04-02 09:17:29
ps5,ps5 game one piece odyssey,49.0,3 days ago,"Ghazir, Keserouan•",True,https://www.dubizzle.com.lb/ads/q-ps5//?page=2,2025-04-02 09:17:29
ps5,cd uncharted ps5,20.0,4 days ago,"Mayfadoun, Nabatieh•",True,https://www.dubizzle.com.lb/ads/q-ps5//?page=2,2025-04-02 09:17:29
ps5,fc24 ps5 ps4 xbox series x xbox one nintendo switch(new sealed),40.0,4 days ago,"Achrafieh, Beirut•",True,https://www.dubizzle.com.lb/ads/q-ps5//?page=2,2025-04-02 09:17:29
ps5,logitech g923 on ps5-ps4-pc-ps3 (new sealed),300.0,4 days ago,"Achrafieh, Beirut•",True,https://www.dubizzle.com.lb/ads/q-ps5//?page=2,2025-04-02 09:17:29
ps5,assassin’s creed mirage ps5 cd,25.0,4 days ago,"Dbaye, Metn•",True,https://www.dubizzle.com.lb/ads/q-ps5//?page=2,2025-04-02 09:17:29
ps5,warhammer 40k space marine 2 ps5 cd,40.0,4 days ago,"Dbaye, Metn•",True,https://www.dubizzle.com.lb/ads/q-ps5//?page=2,2025-04-02 09:17:29
ps5,assassins creed : mirage ( ps5 version ),20.0,4 days ago,"Mazraa, Beirut•",True,https://www.dubizzle.com.lb/ads/q-ps5//?page=2,2025-04-02 09:17:29
ps5,ghost of tsushima ps5,25.0,4 days ago,"Aaramoun, Aley•",True,https://www.dubizzle.com.lb/ads/q-ps5//?page=2,2025-04-02 09:17:29
ps5,ps5 games  for trade,100.0,5 days ago,"sursock, Beirut•",True,https://www.dubizzle.com.lb/ads/q-ps5//?page=2,2025-04-02 09:17:29
ps5,available steering wheel ps3 ps4/ps5 /nintendo switch starting 75$,75.0,5 days ago,"Dekwaneh, Metn•",True,https://www.dubizzle.com.lb/ads/q-ps5//?page=2,2025-04-02 09:17:29
ps5,available ps4/ps5 starting 150$,150.0,5 days ago,"Dekwaneh, Metn•",True,https://www.dubizzle.com.lb/ads/q-ps5//?page=2,2025-04-02 09:17:29
ps5,nba ps5 discount only 40$,40.0,5 days ago,"Achrafieh, Beirut•",True,https://www.dubizzle.com.lb/ads/q-ps5//?page=2,2025-04-02 09:17:29
ps5,split fiction ps5,36.0,5 days ago,"Adlieh, Beirut•",True,https://www.dubizzle.com.lb/ads/q-ps5//?page=2,2025-04-02 09:17:29
ps5,spider-man: miles morales ps4 (free ps5 upgrade) - $30,30.0,5 days ago,"Zouk Mikael, Keserouan•",True,https://www.dubizzle.com.lb/ads/q-ps5//?page=2,2025-04-02 09:17:29
ps5,new arrival ps4 xbox ps5 accessories,210.0,5 days ago,"Other International, International•",True,https://www.dubizzle.com.lb/ads/q-ps5//?page=2,2025-04-02 09:17:29
ps5,nba 2k23 and f1 23 ps5 for sale,50.0,6 days ago,"Bourj Hammoud, Metn•",True,https://www.dubizzle.com.lb/ads/q-ps5//?page=2,2025-04-02 09:17:29
ps5,"ps4/ps5, with warranty starting 150$",150.0,6 days ago,"Dekwaneh, Metn•",True,https://www.dubizzle.com.lb/ads/q-ps5//?page=2,2025-04-02 09:17:29
ps5,ps4/ps5/xbox/nintendo-switch starting 150$,150.0,6 days ago,"New Rawda, Metn•",True,https://www.dubizzle.com.lb/ads/q-ps5//?page=2,2025-04-02 09:17:29
ps5,available ps4 / ps5 /xbox/nintendo swith starting 200$,200.0,6 days ago,"New Rawda, Metn•",True,https://www.dubizzle.com.lb/ads/q-ps5//?page=2,2025-04-02 09:17:29
ps5,ps5 games for sale,25.0,1 week ago,"Jnah, Beirut",True,https://www.dubizzle.com.lb/ads/q-ps5//?page=3,2025-04-02 09:17:49
ps5,split fiction ps5,35.0,1 week ago,"chehim, Chouf",True,https://www.dubizzle.com.lb/ads/q-ps5//?page=3,2025-04-02 09:17:49
ps5,ps5 face plates,30.0,1 week ago,"Choueifat, Aley",True,https://www.dubizzle.com.lb/ads/q-ps5//?page=3,2025-04-02 09:17:49
ps5,fifa fc 24 ps5 disc,20.0,1 week ago,"Hazmiyeh, Baabda",True,https://www.dubizzle.com.lb/ads/q-ps5//?page=3,2025-04-02 09:17:49
ps5,ps5 controller,64.0,1 week ago,"Kfar Hbab, Keserouan",True,https://www.dubizzle.com.lb/ads/q-ps5//?page=3,2025-04-02 09:17:49
ps5,angry bull sony ps5 bag blue original & best offer,20.0,1 week ago,"Mar Elias, Beirut",True,https://www.dubizzle.com.lb/ads/q-ps5//?page=3,2025-04-02 09:17:49
ps5,angry bull sony ps5 bag blue,20.0,1 week ago,"Mar Elias, Beirut",True,https://www.dubizzle.com.lb/ads/q-ps5//?page=3,2025-04-02 09:17:49
ps5,ps5 controller original,75.0,1 week ago,"Baouchriye, Metn",True,https://www.dubizzle.com.lb/ads/q-ps5//?page=3,2025-04-02 09:17:49
ps5,ps5 slim with,400.0,1 week ago,"Tyre Town, Tyre",True,https://www.dubizzle.com.lb/ads/q-ps5//?page=3,2025-04-02 09:17:49
ps5,rwa ps5 and 4 and pc,130.0,1 week ago,"Tyre Town, Tyre",True,https://www.dubizzle.com.lb/ads/q-ps5//?page=3,2025-04-02 09:17:49
ps5,ps5 controller,60.0,1 week ago,"Dbaye, Metn",True,https://www.dubizzle.com.lb/ads/q-ps5//?page=3,2025-04-02 09:17:49
ps5,ps5 للبيع,390.0,1 week ago,"Taalabaya, Zahle",True,https://www.dubizzle.com.lb/ads/q-ps5//?page=3,2025-04-02 09:17:49
ps5,headphone ps5,15.0,1 week ago,"Achrafieh, Beirut",True,https://www.dubizzle.com.lb/ads/q-ps5//?page=3,2025-04-02 09:17:49
ps5,ps5 ps controller transparent case new,30.0,1 week ago,"Achrafieh, Beirut",True,https://www.dubizzle.com.lb/ads/q-ps5//?page=3,2025-04-02 09:17:49
ps5,ps5 dualsense controller white,45.0,1 week ago,"Deir Qoubel, Aley",True,https://www.dubizzle.com.lb/ads/q-ps5//?page=3,2025-04-02 09:17:49
ps5,ps5 accessories,125.0,1 week ago,"Hadath, Baabda",True,https://www.dubizzle.com.lb/ads/q-ps5//?page=3,2025-04-02 09:17:49
ps5,two ps5 controllers no left rubber $60,60.0,1 week ago,"Hamra, Beirut",True,https://www.dubizzle.com.lb/ads/q-ps5//?page=3,2025-04-02 09:17:49
ps5,available ps4 /ps5 new,200.0,2 weeks ago,"New Rawda, Metn",True,https://www.dubizzle.com.lb/ads/q-ps5//?page=3,2025-04-02 09:17:49
ps5,available ps4 /ps5 /nintendo switch,200.0,2 weeks ago,"New Rawda, Metn",True,https://www.dubizzle.com.lb/ads/q-ps5//?page=3,2025-04-02 09:17:49
ps5,ps4/ps5 games,10.0,2 weeks ago,"Dekwaneh, Metn",True,https://www.dubizzle.com.lb/ads/q-ps5//?page=3,2025-04-02 09:17:49
ps5,ps4/ ps5 new and used,200.0,2 weeks ago,"Dekwaneh, Metn",True,https://www.dubizzle.com.lb/ads/q-ps5//?page=3,2025-04-02 09:17:49
ps5,ps5 games biggest collection !,20.0,2 weeks ago,"Hadath, Baabda",True,https://www.dubizzle.com.lb/ads/q-ps5//?page=3,2025-04-02 09:17:49
ps5,ps4 and ps5 games or console or accessories,20.0,2 weeks ago,"Hadath, Baabda",True,https://www.dubizzle.com.lb/ads/q-ps5//?page=3,2025-04-02 09:17:49
ps5,vertical ps5 stand with cooling fan & dual controller charger station,21.0,2 weeks ago,"Hamra, Beirut",True,https://www.dubizzle.com.lb/ads/q-ps5//?page=3,2025-04-02 09:17:49
ps5,pxn v10 force feedback steering wheel detach pc xbox one ps4 ps5,240.0,2 weeks ago,"Achrafieh, Beirut",True,https://www.dubizzle.com.lb/ads/q-ps5//?page=3,2025-04-02 09:17:49
ps5,logitech g29 gaming steering wheel ps4 - ps5 - pc,260.0,2 weeks ago,"Naccache, Metn",True,https://www.dubizzle.com.lb/ads/q-ps5//?page=3,2025-04-02 09:17:49
ps5,ps4/ps5 games used and new,55.0,2 weeks ago,"Al Bahsas, Tripoli",True,https://www.dubizzle.com.lb/ads/q-ps5//?page=3,2025-04-02 09:17:49
ps5,ps4/ps5/xbox/controller,180.0,2 weeks ago,"Mkalles, Metn",True,https://www.dubizzle.com.lb/ads/q-ps5//?page=3,2025-04-02 09:17:49
ps5,ps4 ps5 and all accessories repair shop,180.0,2 weeks ago,"Jdaide, Metn",True,https://www.dubizzle.com.lb/ads/q-ps5//?page=3,2025-04-02 09:17:49
ps5,ps5 duel sense controller(original),60.0,2 weeks ago,"Borj el Barajneh, Beirut",True,https://www.dubizzle.com.lb/ads/q-ps5//?page=4,2025-04-02 09:18:23
ps5,assassin's creed shadows ps5 for sale or trade,55.0,2 weeks ago,"Bechara El Khoury, Beirut",True,https://www.dubizzle.com.lb/ads/q-ps5//?page=4,2025-04-02 09:18:23
ps5,ps5 psp,90.0,2 weeks ago,"Ain Al Tineh, Beirut",True,https://www.dubizzle.com.lb/ads/q-ps5//?page=4,2025-04-02 09:18:23
ps5,multi-functional cooling stand for ps5 / ps5 slim / playstation 5,24.0,2 weeks ago,"Hamra, Beirut",True,https://www.dubizzle.com.lb/ads/q-ps5//?page=4,2025-04-02 09:18:23
ps5,cd ps5 ufc 5 original & best offer,33.0,2 weeks ago,"Mar Elias, Beirut",True,https://www.dubizzle.com.lb/ads/q-ps5//?page=4,2025-04-02 09:18:23
ps5,cd ps5 ufc 5,33.0,2 weeks ago,"Mar Elias, Beirut",True,https://www.dubizzle.com.lb/ads/q-ps5//?page=4,2025-04-02 09:18:23
ps5,ps5 disc drive amazing & good offer,150.0,2 weeks ago,"Mar Elias, Beirut",True,https://www.dubizzle.com.lb/ads/q-ps5//?page=4,2025-04-02 09:18:23
ps5,ps5 disc drive,150.0,2 weeks ago,"Mar Elias, Beirut",True,https://www.dubizzle.com.lb/ads/q-ps5//?page=4,2025-04-02 09:18:23
ps5,cd ps5 silent hill 2 exclusive & new offer,44.0,2 weeks ago,"Mar Elias, Beirut",True,https://www.dubizzle.com.lb/ads/q-ps5//?page=4,2025-04-02 09:18:23
ps5,cd ps5 silent hill 2,44.0,2 weeks ago,"Mar Elias, Beirut",True,https://www.dubizzle.com.lb/ads/q-ps5//?page=4,2025-04-02 09:18:23
ps5,cd ps5 cyber punk 2077 ultimate edition great & last offer,34.0,2 weeks ago,"Mar Elias, Beirut",True,https://www.dubizzle.com.lb/ads/q-ps5//?page=4,2025-04-02 09:18:23
ps5,cd ps5 cyber punk 2077 ultimate edition,34.0,2 weeks ago,"Mar Elias, Beirut",True,https://www.dubizzle.com.lb/ads/q-ps5//?page=4,2025-04-02 09:18:23
ps5,cd ps5 alan wake ii,45.0,2 weeks ago,"Mar Elias, Beirut",True,https://www.dubizzle.com.lb/ads/q-ps5//?page=4,2025-04-02 09:18:23
ps5,cd ps5 alan wake ii,45.0,2 weeks ago,"Mar Elias, Beirut",True,https://www.dubizzle.com.lb/ads/q-ps5//?page=4,2025-04-02 09:18:23
ps5,ps5 resident evil village game - sealed,25.0,2 weeks ago,"Achrafieh, Beirut",True,https://www.dubizzle.com.lb/ads/q-ps5//?page=4,2025-04-02 09:18:23
ps5,ups 1500 va - for pc - ps4 - ps5,70.0,2 weeks ago,"Jounieh, Keserouan",True,https://www.dubizzle.com.lb/ads/q-ps5//?page=4,2025-04-02 09:18:23
ps5,mortal kombat 11 ultimate ps5 30$,30.0,2 weeks ago,"Bourj Hammoud, Metn",True,https://www.dubizzle.com.lb/ads/q-ps5//?page=4,2025-04-02 09:18:23
ps5,sony ps5 dualsense edge wireless controller midnight black,195.0,2 weeks ago,"Ras Beirut, Beirut",True,https://www.dubizzle.com.lb/ads/q-ps5//?page=4,2025-04-02 09:18:23
ps5,ps5 with warranty,430.0,2 weeks ago,"Sin El Fil, Metn",True,https://www.dubizzle.com.lb/ads/q-ps5//?page=4,2025-04-02 09:18:23
ps5,cd ps5 astro bot great & last offer,48.0,2 weeks ago,"Mar Elias, Beirut",True,https://www.dubizzle.com.lb/ads/q-ps5//?page=4,2025-04-02 09:18:23
ps5,cd ps5 astro bot,48.0,2 weeks ago,"Mar Elias, Beirut",True,https://www.dubizzle.com.lb/ads/q-ps5//?page=4,2025-04-02 09:18:23
ps5,cd ps5 assassins creed valhalla amazing & good offer,20.0,2 weeks ago,"Mar Elias, Beirut",True,https://www.dubizzle.com.lb/ads/q-ps5//?page=4,2025-04-02 09:18:23
ps5,cd ps5 assassins creed valhalla,20.0,2 weeks ago,"Mar Elias, Beirut",True,https://www.dubizzle.com.lb/ads/q-ps5//?page=4,2025-04-02 09:18:23
ps5,cd ps5 hogwarts legacy exclusive & new offer,28.0,2 weeks ago,"Mar Elias, Beirut",True,https://www.dubizzle.com.lb/ads/q-ps5//?page=4,2025-04-02 09:18:23
ps5,cd ps5 hogwarts legacy,28.0,2 weeks ago,"Mar Elias, Beirut",True,https://www.dubizzle.com.lb/ads/q-ps5//?page=4,2025-04-02 09:18:23
ps5,cd ps5 suicide squad  great & last offer,30.0,2 weeks ago,"Mar Elias, Beirut",True,https://www.dubizzle.com.lb/ads/q-ps5//?page=4,2025-04-02 09:18:23
ps5,cd ps5 hogwarts legacy,30.0,2 weeks ago,"Mar Elias, Beirut",True,https://www.dubizzle.com.lb/ads/q-ps5//?page=4,2025-04-02 09:18:23
ps5,cd ps5 the last of us part ii remastered amazing & good offer,39.0,2 weeks ago,"Mar Elias, Beirut",True,https://www.dubizzle.com.lb/ads/q-ps5//?page=4,2025-04-02 09:18:23
ps5,cd ps5 the last of us part ii remastered,39.0,2 weeks ago,"Mar Elias, Beirut",True,https://www.dubizzle.com.lb/ads/q-ps5//?page=4,2025-04-02 09:18:23
ps5,cd ps5 naruto x boruto ultimate ninja storm exclusive & new offer,27.0,2 weeks ago,"Mar Elias, Beirut",True,https://www.dubizzle.com.lb/ads/q-ps5//?page=4,2025-04-02 09:18:23
ps5,cd ps5 naruto x boruto ultimate ninja storm,27.0,2 weeks ago,"Mar Elias, Beirut",True,https://www.dubizzle.com.lb/ads/q-ps5//?page=4,2025-04-02 09:18:23
ps5,ps5 cd wwe 2k24 great & last offer,27.0,2 weeks ago,"Mar Elias, Beirut",True,https://www.dubizzle.com.lb/ads/q-ps5//?page=4,2025-04-02 09:18:23
ps5,ps5 cd wwe 2k24,27.0,2 weeks ago,"Mar Elias, Beirut",True,https://www.dubizzle.com.lb/ads/q-ps5//?page=4,2025-04-02 09:18:23
ps5,cd ps5 tekken 8 amazing & good offer,30.0,2 weeks ago,"Mar Elias, Beirut",True,https://www.dubizzle.com.lb/ads/q-ps5//?page=4,2025-04-02 09:18:23
ps5,cd ps5 tekken 8,30.0,2 weeks ago,"Mar Elias, Beirut",True,https://www.dubizzle.com.lb/ads/q-ps5//?page=4,2025-04-02 09:18:23
ps5,cd ps5 resident evil 4 exclusive & new offer,25.0,2 weeks ago,"Mar Elias, Beirut",True,https://www.dubizzle.com.lb/ads/q-ps5//?page=4,2025-04-02 09:18:23
ps5,cd ps5 resident evil 4,25.0,2 weeks ago,"Mar Elias, Beirut",True,https://www.dubizzle.com.lb/ads/q-ps5//?page=4,2025-04-02 09:18:23
ps5,cd ps5 crash team rumble amazing & good offer,25.0,2 weeks ago,"Mar Elias, Beirut",True,https://www.dubizzle.com.lb/ads/q-ps5//?page=4,2025-04-02 09:18:23
ps5,cd ps5 crash team rumble,25.0,2 weeks ago,"Mar Elias, Beirut",True,https://www.dubizzle.com.lb/ads/q-ps5//?page=4,2025-04-02 09:18:23
ps5,cd ps5 god of war ragnarok exclusive & new offer,35.0,2 weeks ago,"Mar Elias, Beirut",True,https://www.dubizzle.com.lb/ads/q-ps5//?page=4,2025-04-02 09:18:23
ps5,cd ps5 god of war ragnarok,35.0,2 weeks ago,"Mar Elias, Beirut",True,https://www.dubizzle.com.lb/ads/q-ps5//?page=5,2025-04-02 09:18:43
ps5,cd ps5 stray great & last offer,23.0,2 weeks ago,"Mar Elias, Beirut",True,https://www.dubizzle.com.lb/ads/q-ps5//?page=5,2025-04-02 09:18:43
ps5,cd ps5 stray,23.0,2 weeks ago,"Mar Elias, Beirut",True,https://www.dubizzle.com.lb/ads/q-ps5//?page=5,2025-04-02 09:18:43
ps5,ps5 cd horizon forbidden west amazing & good offer,30.0,2 weeks ago,"Mar Elias, Beirut",True,https://www.dubizzle.com.lb/ads/q-ps5//?page=5,2025-04-02 09:18:43
ps5,ps5 cd horizon forbidden west,30.0,2 weeks ago,"Mar Elias, Beirut",True,https://www.dubizzle.com.lb/ads/q-ps5//?page=5,2025-04-02 09:18:43
ps5,cd ps5 elden ring exclusive & new offer,28.0,2 weeks ago,"Mar Elias, Beirut",True,https://www.dubizzle.com.lb/ads/q-ps5//?page=5,2025-04-02 09:18:43
ps5,cd ps5 elden ring,28.0,2 weeks ago,"Mar Elias, Beirut",True,https://www.dubizzle.com.lb/ads/q-ps5//?page=5,2025-04-02 09:18:43
ps5,cd ps5 ratchet & clank rift apart great & last offer,28.0,2 weeks ago,"Mar Elias, Beirut",True,https://www.dubizzle.com.lb/ads/q-ps5//?page=5,2025-04-02 09:18:43
ps5,cd ps5 ratchet & clank rift apart,28.0,2 weeks ago,"Mar Elias, Beirut",True,https://www.dubizzle.com.lb/ads/q-ps5//?page=5,2025-04-02 09:18:43
ps5,cd ps5 ghost of tsushima directors cut original & best offer,40.0,2 weeks ago,"Mar Elias, Beirut",True,https://www.dubizzle.com.lb/ads/q-ps5//?page=5,2025-04-02 09:18:43
ps5,cd ps5 ghost of tsushima directors cut,40.0,2 weeks ago,"Mar Elias, Beirut",True,https://www.dubizzle.com.lb/ads/q-ps5//?page=5,2025-04-02 09:18:43
ps5,ps4 and ps5 games,10.0,2 weeks ago,"Toul, Nabatieh",True,https://www.dubizzle.com.lb/ads/q-ps5//?page=5,2025-04-02 09:18:43
ps5,rwm ps4 and ps5 and pc,130.0,2 weeks ago,"Tyre Town, Tyre",True,https://www.dubizzle.com.lb/ads/q-ps5//?page=5,2025-04-02 09:18:43
ps5,fc24 for ps5 for sale,18.0,2 weeks ago,"Chtoura, Zahle",True,https://www.dubizzle.com.lb/ads/q-ps5//?page=5,2025-04-02 09:18:43
ps5,wwe2k25 ps4&ps5 for sale or trade 43$,43.0,2 weeks ago,"Bechara El Khoury, Beirut",True,https://www.dubizzle.com.lb/ads/q-ps5//?page=5,2025-04-02 09:18:43
ps5,call of duty modern warfare 3 ps5,35.0,2 weeks ago,"Msaytbeh, Beirut",True,https://www.dubizzle.com.lb/ads/q-ps5//?page=5,2025-04-02 09:18:43
ps5,ps5 controller style keychain - many models,3.0,3 weeks ago,"Sodeco, Beirut",True,https://www.dubizzle.com.lb/ads/q-ps5//?page=5,2025-04-02 09:18:43
ps5,bionik ps5 power stand playstation 5,20.0,3 weeks ago,"Achrafieh, Beirut",True,https://www.dubizzle.com.lb/ads/q-ps5//?page=5,2025-04-02 09:18:43
ps5,ps5 used like new with  warranty,399.0,3 weeks ago,"Other International, International",True,https://www.dubizzle.com.lb/ads/q-ps5//?page=5,2025-04-02 09:18:43
ps5,ps5 fat disk edition like new used only 5 days for sale 420$ final,420.0,3 weeks ago,"Hamra, Beirut",True,https://www.dubizzle.com.lb/ads/q-ps5//?page=5,2025-04-02 09:18:43
ps5,ps5 sdc,50.0,3 weeks ago,"Barja, Chouf",True,https://www.dubizzle.com.lb/ads/q-ps5//?page=5,2025-04-02 09:18:43
ps5,ps4/ps5//nintendo switch/ xbox available starting 150$,150.0,3 weeks ago,"New Rawda, Metn",True,https://www.dubizzle.com.lb/ads/q-ps5//?page=5,2025-04-02 09:18:43
ps5,fc24 ps5,10.0,3 weeks ago,"Other in Saida, Saida",True,https://www.dubizzle.com.lb/ads/q-ps5//?page=5,2025-04-02 09:18:43
ps5,ps5 camera,30.0,3 weeks ago,"Mazraat Yachouh, Metn",True,https://www.dubizzle.com.lb/ads/q-ps5//?page=5,2025-04-02 09:18:43
ps5,steering wheel for ps4 ps5 xbox and nintendo!,60.0,3 weeks ago,"Hadath, Baabda",True,https://www.dubizzle.com.lb/ads/q-ps5//?page=5,2025-04-02 09:18:43
ps5,bag ps5,25.0,3 weeks ago,"Achrafieh, Beirut",True,https://www.dubizzle.com.lb/ads/q-ps5//?page=5,2025-04-02 09:18:43
ps5,ps5 funko pop,35.0,3 weeks ago,"Ain Al Tineh, Beirut",True,https://www.dubizzle.com.lb/ads/q-ps5//?page=5,2025-04-02 09:18:43
ps5,available ps4 ps5  with warranty,200.0,3 weeks ago,"Dekwaneh, Metn",True,https://www.dubizzle.com.lb/ads/q-ps5//?page=5,2025-04-02 09:18:43
ps5,ups for ps4/ps5/ xbox/ starting 45$,45.0,3 weeks ago,"Baouchriye, Metn",True,https://www.dubizzle.com.lb/ads/q-ps5//?page=5,2025-04-02 09:18:43
ps5,ps4/ps5 starting 150$,150.0,3 weeks ago,"Baouchriye, Metn",True,https://www.dubizzle.com.lb/ads/q-ps5//?page=5,2025-04-02 09:18:43
ps5,playstation vr 2 for ps5,440.0,3 weeks ago,"Mazraa, Beirut",True,https://www.dubizzle.com.lb/ads/q-ps5//?page=5,2025-04-02 09:18:43
ps5,fc 24 ps4 ps5 with 3000 fc points,20.0,3 weeks ago,"Dora, Metn",True,https://www.dubizzle.com.lb/ads/q-ps5//?page=5,2025-04-02 09:18:43
ps5,nba 2k25 ps4 and ps5 price 30$,30.0,3 weeks ago,"Hadath, Baabda",True,https://www.dubizzle.com.lb/ads/q-ps5//?page=5,2025-04-02 09:18:43
ps5,farcry 6 ps5,17.0,3 weeks ago,"Sodeco, Beirut",True,https://www.dubizzle.com.lb/ads/q-ps5//?page=5,2025-04-02 09:18:43
ps5,spider man 1 ps4 and miles morales ps5 both compatible with ps5,40.0,3 weeks ago,"Taalabaya, Zahle",True,https://www.dubizzle.com.lb/ads/q-ps5//?page=5,2025-04-02 09:18:43
ps5,uncharted games for playstation ps4 ps5,40.0,3 weeks ago,"Dbaye, Metn",True,https://www.dubizzle.com.lb/ads/q-ps5//?page=5,2025-04-02 09:18:43
ps5,deadskull backpack for ps5 slim,35.0,3 weeks ago,"Dekwaneh, Metn",True,https://www.dubizzle.com.lb/ads/q-ps5//?page=5,2025-04-02 09:18:43
ps5,sony ps5 fat black covers plates,28.0,3 weeks ago,"Achrafieh, Beirut•",True,https://www.dubizzle.com.lb/ads/q-ps5//?page=6,2025-04-02 09:19:08
ps5,razer ps5 hammerhead hyperspeed wireless airpods ** new sealed,139.0,3 weeks ago,"Hamra, Beirut•",True,https://www.dubizzle.com.lb/ads/q-ps5//?page=6,2025-04-02 09:19:08
ps5,hyperx cloud stinger core  - gaming headset - special price - ps5 - pc,35.0,3 weeks ago,"Dekwaneh, Metn•",True,https://www.dubizzle.com.lb/ads/q-ps5//?page=6,2025-04-02 09:19:08
ps5,sony ps5 dual joystick charger,8.0,3 weeks ago,"Achrafieh, Beirut•",True,https://www.dubizzle.com.lb/ads/q-ps5//?page=6,2025-04-02 09:19:08
ps5,ps5 backbone one playstation edition,180.0,3 weeks ago,"Borj el Barajneh, Beirut•",True,https://www.dubizzle.com.lb/ads/q-ps5//?page=6,2025-04-02 09:19:08
ps5,playstation 5 (ps5) + spider-man 2,450.0,4 weeks ago,"Ballouneh, Keserouan•",True,https://www.dubizzle.com.lb/ads/q-ps5//?page=6,2025-04-02 09:19:08
ps5,ps4/ps5/nintendo switch starting 150$,150.0,4 weeks ago,"New Rawda, Metn•",True,https://www.dubizzle.com.lb/ads/q-ps5//?page=6,2025-04-02 09:19:08
ps5,ps5 cooling stand,20.0,4 weeks ago,"Choueifat, Aley•",True,https://www.dubizzle.com.lb/ads/q-ps5//?page=6,2025-04-02 09:19:08
ps5,cd gta5 ps5 like new,15.0,4 weeks ago,"Abou Samra, Tripoli•",True,https://www.dubizzle.com.lb/ads/q-ps5//?page=6,2025-04-02 09:19:08
ps5,ps5 cooling stand dobe,15.0,4 weeks ago,"Choueifat, Aley•",True,https://www.dubizzle.com.lb/ads/q-ps5//?page=6,2025-04-02 09:19:08
ps5,nacon revolution 5 pro playstation wireless controller for ps5 /ps4/pc,200.0,4 weeks ago,"Jbeil Town, Jbeil•",True,https://www.dubizzle.com.lb/ads/q-ps5//?page=6,2025-04-02 09:19:08
ps5,need for speed heat ps4/ps5,10.0,4 weeks ago,"Adlieh, Beirut•",True,https://www.dubizzle.com.lb/ads/q-ps5//?page=6,2025-04-02 09:19:08
ps5,kontrol freek grip for ps4-ps5 exclusive & new offer,4.0,4 weeks ago,"Mar Elias, Beirut•",True,https://www.dubizzle.com.lb/ads/q-ps5//?page=6,2025-04-02 09:19:08
ps5,kontrol freek grip for ps4-ps5,4.0,4 weeks ago,"Mar Elias, Beirut•",True,https://www.dubizzle.com.lb/ads/q-ps5//?page=6,2025-04-02 09:19:08
ps5,face plate for ps5 slim great & last offer,23.0,4 weeks ago,"Mar Elias, Beirut•",True,https://www.dubizzle.com.lb/ads/q-ps5//?page=6,2025-04-02 09:19:08
ps5,face plate for ps5 slim,23.0,4 weeks ago,"Mar Elias, Beirut•",True,https://www.dubizzle.com.lb/ads/q-ps5//?page=6,2025-04-02 09:19:08
ps5,silicone cover for ps5 dualsense original & best offer,3.0,4 weeks ago,"Mar Elias, Beirut•",True,https://www.dubizzle.com.lb/ads/q-ps5//?page=6,2025-04-02 09:19:08
ps5,silicone cover for ps5 dualsense,3.0,4 weeks ago,"Mar Elias, Beirut•",True,https://www.dubizzle.com.lb/ads/q-ps5//?page=6,2025-04-02 09:19:08
ps5,cd ps5 hitman world of assassination exclusive & new offer,27.0,4 weeks ago,"Mar Elias, Beirut•",True,https://www.dubizzle.com.lb/ads/q-ps5//?page=6,2025-04-02 09:19:08
ps5,cd ps5 hitman world of assassination,27.0,4 weeks ago,"Mar Elias, Beirut•",True,https://www.dubizzle.com.lb/ads/q-ps5//?page=6,2025-04-02 09:19:08
ps5,astro a40 gen 3 + mix amp pc/ps4/ps5 (open box),100.0,4 weeks ago,"Hamra, Beirut•",True,https://www.dubizzle.com.lb/ads/q-ps5//?page=6,2025-04-02 09:19:08
ps5,ps5 playstation vr camera adaptor for playstation 5,25.0,4 weeks ago,"Achrafieh, Beirut•",True,https://www.dubizzle.com.lb/ads/q-ps5//?page=6,2025-04-02 09:19:08
ps5,oivo ps5 cooling stand with rgb amazing & good offer,28.0,4 weeks ago,"Mar Elias, Beirut•",True,https://www.dubizzle.com.lb/ads/q-ps5//?page=6,2025-04-02 09:19:08
ps5,oivo ps5 cooling stand with rgb,28.0,4 weeks ago,"Mar Elias, Beirut•",True,https://www.dubizzle.com.lb/ads/q-ps5//?page=6,2025-04-02 09:19:08
ps5,fc 25 ps4 and ps5 35$,35.0,4 weeks ago,"Hadath, Baabda•",True,https://www.dubizzle.com.lb/ads/q-ps5//?page=6,2025-04-02 09:19:08
ps5,ups 800 va - for pc - ps4 - ps5,35.0,4 weeks ago,"Jounieh, Keserouan•",True,https://www.dubizzle.com.lb/ads/q-ps5//?page=6,2025-04-02 09:19:08
ps5,sony ps5 slim console covers - red or blue,25.0,4 weeks ago,"Dekwaneh, Metn•",True,https://www.dubizzle.com.lb/ads/q-ps5//?page=6,2025-04-02 09:19:08
ps5,ps5 console cover available in many colors,26.0,4 weeks ago,"Jdaide, Metn•",True,https://www.dubizzle.com.lb/ads/q-ps5//?page=6,2025-04-02 09:19:08
ps5,razer viper mini ultralight gaming mouse ps4 ps5 xbox pc,33.0,4 weeks ago,"Achrafieh, Beirut•",True,https://www.dubizzle.com.lb/ads/q-ps5//?page=6,2025-04-02 09:19:08
ps5,ps5 joystick original - many colors and model available,64.0,4 weeks ago,"Achrafieh, Beirut•",True,https://www.dubizzle.com.lb/ads/q-ps5//?page=6,2025-04-02 09:19:08
ps5,mix master rgb gaming keyboard & mouse ps5 ps4 ps3 xbox nitendo,35.0,4 weeks ago,"Achrafieh, Beirut•",True,https://www.dubizzle.com.lb/ads/q-ps5//?page=6,2025-04-02 09:19:08
ps5,dualsense ps5 discount for only 65$,65.0,4 weeks ago,"Ras Beirut, Beirut•",True,https://www.dubizzle.com.lb/ads/q-ps5//?page=6,2025-04-02 09:19:08
ps5,controller that works on ps3 ps4 ps5,28.0,4 weeks ago,"Other in Batroun, Batroun•",True,https://www.dubizzle.com.lb/ads/q-ps5//?page=6,2025-04-02 09:19:08
ps5,mskit ps5 w ps4,200.0,4 weeks ago,"Baalbeck Town, Baalbeck•",True,https://www.dubizzle.com.lb/ads/q-ps5//?page=6,2025-04-02 09:19:08
ps5,ps5 ps4 cds,160.0,4 weeks ago,"Baalbeck Town, Baalbeck•",True,https://www.dubizzle.com.lb/ads/q-ps5//?page=6,2025-04-02 09:19:08
ps5,sony ps4 vr adaptor cable for ps5,25.0,4 weeks ago,"Dekwaneh, Metn•",True,https://www.dubizzle.com.lb/ads/q-ps5//?page=6,2025-04-02 09:19:08
ps5,playstation ps5 joystick dualsense all colors available,64.0,4 weeks ago,"Achrafieh, Beirut•",True,https://www.dubizzle.com.lb/ads/q-ps5//?page=6,2025-04-02 09:19:08
ps5,logitech g29 with shifter driving force racing wheel for ps3 ps4 ps5,269.0,4 weeks ago,"Achrafieh, Beirut•",True,https://www.dubizzle.com.lb/ads/q-ps5//?page=6,2025-04-02 09:19:08
ps5,playstation ps5 backpack carrying case,20.0,4 weeks ago,"Achrafieh, Beirut",True,https://www.dubizzle.com.lb/ads/q-ps5//?page=7,2025-04-02 09:19:32
ps5,playstation icons light xl ps4 ps5,33.0,4 weeks ago,"Achrafieh, Beirut",True,https://www.dubizzle.com.lb/ads/q-ps5//?page=7,2025-04-02 09:19:32
ps5,ps5 fat european,460.0,4 weeks ago,"Salim Slam, Beirut",True,https://www.dubizzle.com.lb/ads/q-ps5//?page=7,2025-04-02 09:19:32
ps5,ps5 fat open box,440.0,4 weeks ago,"Hadath, Baabda",True,https://www.dubizzle.com.lb/ads/q-ps5//?page=7,2025-04-02 09:19:32
ps5,like new ps5 with 3 controllers,420.0,4 weeks ago,"Beirut Port, Beirut",True,https://www.dubizzle.com.lb/ads/q-ps5//?page=7,2025-04-02 09:19:32
